il_kodu,il_adi,ilce_kodu,ilce_adi,toplam_nufus,erkek_nufus,kadin_nufus,veri_yili
1,Adana,1.12,Seyhan,782204,388700,393504,2025
1,Adana,1.15,Yüreğir,396572,198950,197622,2025
1,Adana,1.3,Çukurova,380653,182261,198392,2025
1,Adana,1.11,Sarıçam,263080,137418,125662,2025
1,Adana,1.2,Ceyhan,156081,78366,77715,2025
1,Adana,1.8,Kozan,132572,66636,65936,2025
1,Adana,1.5,İmamoğlu,27196,13758,13438,2025
1,Adana,1.7,Karataş,24005,12239,11766,2025
1,Adana,1.6,Karaisalı,22872,11828,11044,2025
1,Adana,1.9,Pozantı,19983,10398,9585,2025
1,Adana,1.14,Yumurtalık,17806,9222,8584,2025
1,Adana,1.13,Tufanbeyli,16027,8288,7739,2025
1,Adana,1.1,Aladağ,15839,8321,7518,2025
1,Adana,1.4,Feke,15586,8290,7296,2025
1,Adana,1.10,Saimbeyli,13133,6939,6194,2025
2,Adıyaman,2.1,Adıyaman merkez,296876,149745,147131,2025
2,Adıyaman,2.6,Kahta,136769,69579,67190,2025
2,Adıyaman,2.2,Besni,75398,38140,37258,2025
2,Adıyaman,2.5,Gölbaşı,47917,24190,23727,2025
2,Adıyaman,2.8,Sincik,15801,8058,7743,2025
2,Adıyaman,2.3,Çelikhan,14530,7467,7063,2025
2,Adıyaman,2.4,Gerger,14497,7398,7099,2025
2,Adıyaman,2.9,Tut,9199,4764,4435,2025
2,Adıyaman,2.7,Samsat,6834,3540,3294,2025
3,Afyonkarahisar,3.1,Afyonkarahisar (Merkez İlçe),331982,165935,166047,2025
3,Afyonkarahisar,3.15,Sandıklı,54376,26449,27927,2025
3,Afyonkarahisar,3.8,Dinar,46878,23505,23373,2025
3,Afyonkarahisar,3.4,Bolvadin,45906,24198,21708,2025
3,Afyonkarahisar,3.9,Emirdağ,43350,22140,21210,2025
3,Afyonkarahisar,3.16,Sinanpaşa,38292,19162,19130,2025
3,Afyonkarahisar,3.18,Şuhut,35303,17551,17752,2025
3,Afyonkarahisar,3.5,Çay,29140,14339,14801,2025
3,Afyonkarahisar,3.12,İhsaniye,27636,14002,13634,2025
3,Afyonkarahisar,3.13,İscehisar,25220,12823,12397,2025
3,Afyonkarahisar,3.6,Çobanlar,14457,7295,7162,2025
3,Afyonkarahisar,3.17,Sultandağı,13641,6585,7056,2025
3,Afyonkarahisar,3.7,Dazkırı,11723,5909,5814,2025
3,Afyonkarahisar,3.2,Başmakçı,9089,4551,4538,2025
3,Afyonkarahisar,3.11,Hocalar,8220,4099,4121,2025
3,Afyonkarahisar,3.3,Bayat,7580,3774,3806,2025
3,Afyonkarahisar,3.10,Evciler,7038,3540,3498,2025
3,Afyonkarahisar,3.14,Kızılören,1977,945,1032,2025
4,Ağrı,4.1,Ağrı merkez,150035,75817,74218,2025
4,Ağrı,4.3,Doğubayazıt,113699,59355,54344,2025
4,Ağrı,4.6,Patnos,105968,56233,49735,2025
4,Ağrı,4.2,Diyadin,35439,18444,16995,2025
4,Ağrı,4.4,Eleşkirt,28661,14510,14151,2025
4,Ağrı,4.8,Tutak,25920,13368,12552,2025
4,Ağrı,4.7,Taşlıçay,17431,8994,8437,2025
4,Ağrı,4.5,Hamur,14336,7502,6834,2025
5,Aksaray,5.2,Aksaray merkez,327575,163049,164526,2025
5,Aksaray,5.6,Ortaköy,31089,15311,15778,2025
5,Aksaray,5.3,Eskil,27946,14300,13646,2025
5,Aksaray,5.4,Gülağaç,19099,9696,9403,2025
5,Aksaray,5.8,Sultanhanı,12811,6649,6162,2025
5,Aksaray,5.5,Güzelyurt,10419,5277,5142,2025
5,Aksaray,5.1,Ağaçören,7480,3779,3701,2025
5,Aksaray,5.7,Sarıyahşi,4717,2380,2337,2025
6,Amasya,6.1,Amasya merkez,151433,77218,74215,2025
6,Amasya,6.5,Merzifon,77077,38099,38978,2025
6,Amasya,6.6,Suluova,46928,23299,23629,2025
6,Amasya,6.7,Taşova,30034,14803,15231,2025
6,Amasya,6.3,Gümüşhacıköy,22319,11406,10913,2025
6,Amasya,6.2,Göynücek,10823,5528,5295,2025
6,Amasya,6.4,Hamamözü,3628,1749,1879,2025
7,Ankara,7.7,Çankaya,952198,454348,497850,2025
7,Ankara,7.17,Keçiören,931722,453877,477845,2025
7,Ankara,7.25,Yenimahalle,721531,348199,373332,2025
7,Ankara,7.19,Mamak,690329,340882,349447,2025
7,Ankara,7.10,Etimesgut,632458,311010,321448,2025
7,Ankara,7.23,Sincan,605366,311371,293995,2025
7,Ankara,7.2,Altındağ,418072,209138,208934,2025
7,Ankara,7.12,Gölbaşı,172810,87854,84956,2025
7,Ankara,7.22,Pursaklar,168881,83688,85193,2025
7,Ankara,7.21,Polatlı,131894,65902,65992,2025
7,Ankara,7.8,Çubuk,101437,49585,51852,2025
7,Ankara,7.15,Kahramankazan,63143,32478,30665,2025
7,Ankara,7.5,Beypazarı,48359,24071,24288,2025
7,Ankara,7.1,Akyurt,46956,23287,23669,2025
7,Ankara,7.9,Elmadağ,45644,22913,22731,2025
7,Ankara,7.24,Şereflikoçhisar,32831,16437,16394,2025
7,Ankara,7.18,Kızılcahamam,27841,14234,13607,2025
7,Ankara,7.20,Nallıhan,26083,13016,13067,2025
7,Ankara,7.14,Haymana,25798,13602,12196,2025
7,Ankara,7.4,Bala,20109,11083,9026,2025
7,Ankara,7.3,Ayaş,13136,6993,6143,2025
7,Ankara,7.16,Kalecik,12564,6769,5795,2025
7,Ankara,7.6,Çamlıdere,10203,5536,4667,2025
7,Ankara,7.13,Güdül,8028,4108,3920,2025
7,Ankara,7.11,Evren,2927,1472,1455,2025
8,Antalya,8.13,Kepez,649102,328855,320247,2025
8,Antalya,8.18,Muratpaşa,510887,248323,262564,2025
8,Antalya,8.3,Alanya,371547,187937,183610,2025
8,Antalya,8.17,Manavgat,266480,137240,129240,2025
8,Antalya,8.14,Konyaaltı,199414,94717,104697,2025
8,Antalya,8.19,Serik,147062,74795,72267,2025
8,Antalya,8.5,Döşemealtı,97121,51506,45615,2025
8,Antalya,8.2,Aksu,87070,44515,42555,2025
8,Antalya,8.16,Kumluca,75588,38154,37434,2025
8,Antalya,8.11,Kaş,63957,33024,30933,2025
8,Antalya,8.15,Korkuteli,58381,29384,28997,2025
8,Antalya,8.8,Gazipaşa,55850,28161,27689,2025
8,Antalya,8.7,Finike,52436,26287,26149,2025
8,Antalya,8.12,Kemer,52339,26978,25361,2025
8,Antalya,8.6,Elmalı,41550,21993,19557,2025
8,Antalya,8.4,Demre,28075,14401,13674,2025
8,Antalya,8.1,Akseki,10609,5570,5039,2025
8,Antalya,8.9,Gündoğmuş,6953,3473,3480,2025
8,Antalya,8.10,İbradi,3256,1701,1555,2025
9,Ardahan,9.1,Ardahan merkez,42136,21701,20435,2025
9,Ardahan,9.4,Göle,22038,11539,10499,2025
9,Ardahan,9.2,Çıldır,8048,4226,3822,2025
9,Ardahan,9.5,Hanak,7668,4041,3627,2025
9,Ardahan,9.6,Posof,5976,3132,2844,2025
9,Ardahan,9.3,Damal,4526,2420,2106,2025
10,Artvin,10.3,Artvin Merkez,35710,17366,18344,2025
10,Artvin,10.5,Hopa,27844,13877,13967,2025
10,Artvin,10.2,Arhavi,22025,10869,11156,2025
10,Artvin,10.4,Borçka,21628,11046,10582,2025
10,Artvin,10.9,Yusufeli,17564,8823,8741,2025
10,Artvin,10.8,Şavşat,16151,8094,8057,2025
10,Artvin,10.1,Ardanuç,10889,5713,5176,2025
10,Artvin,10.6,Kemalpaşa,9263,4744,4519,2025
10,Artvin,10.7,Murgul,6457,3374,3083,2025
11,Aydın,11.5,Efeler,310241,151973,158268,2025
11,Aydın,11.14,Nazilli,162156,79958,82198,2025
11,Aydın,11.12,Kuşadası,141431,69796,71635,2025
11,Aydın,11.15,Söke,123843,61886,61957,2025
11,Aydın,11.4,Didim,103141,51930,51211,2025
11,Aydın,11.7,İncirliova,58230,28807,29423,2025
11,Aydın,11.3,Çine,47906,23789,24117,2025
11,Aydın,11.6,Germencik,44697,22284,22413,2025
11,Aydın,11.1,Bozdoğan,31624,15845,15779,2025
11,Aydın,11.11,Köşk,28307,14406,13901,2025
11,Aydın,11.13,Kuyucak,26196,13294,12902,2025
11,Aydın,11.10,Koçarlı,22234,11249,10985,2025
11,Aydın,11.16,Sultanhisar,19791,9594,10197,2025
11,Aydın,11.8,Karacasu,17225,8532,8693,2025
11,Aydın,11.2,Buharkent,13137,6460,6677,2025
11,Aydın,11.17,Yenipazar,11596,5597,5999,2025
11,Aydın,11.9,Karpuzlu,10352,5136,5216,2025
12,Balıkesir,12.14,Karesi,189444,91626,97818,2025
12,Balıkesir,12.1,Altıeylül,188858,95949,92909,2025
12,Balıkesir,12.8,Edremit,176251,85582,90669,2025
12,Balıkesir,12.4,Bandırma,169476,85389,84087,2025
12,Balıkesir,12.2,Ayvalık,75815,36786,39029,2025
12,Balıkesir,12.11,Gönen,75730,38034,37696,2025
12,Balıkesir,12.6,Burhaniye,68370,34308,34062,2025
12,Balıkesir,12.5,Bigadiç,49275,24793,24482,2025
12,Balıkesir,12.20,Susurluk,37676,18709,18967,2025
12,Balıkesir,12.7,Dursunbey,32168,15885,16283,2025
12,Balıkesir,12.9,Erdek,32080,16095,15985,2025
12,Balıkesir,12.19,Sındırgı,31482,15308,16174,2025
12,Balıkesir,12.13,İvrindi,31295,15668,15627,2025
12,Balıkesir,12.12,Havran,28152,14001,14151,2025
12,Balıkesir,12.15,Kepsut,21386,11897,9489,2025
12,Balıkesir,12.10,Gömeç,19020,9482,9538,2025
12,Balıkesir,12.16,Manyas,17650,8739,8911,2025
12,Balıkesir,12.18,Savaştepe,16266,8171,8095,2025
12,Balıkesir,12.3,Balya,12296,6189,6107,2025
12,Balıkesir,12.17,Marmara,11827,6260,5567,2025
13,Bartın,13.2,Bartın merkez,163766,80466,83300,2025
13,Bartın,13.4,Ulus,22876,11692,11184,2025
13,Bartın,13.1,Amasra,13705,6976,6729,2025
13,Bartın,13.3,Kurucaşile,6316,3260,3056,2025
14,Batman,14.1,Batman Merkez,517785,259906,257879,2025
14,Batman,14.5,Kozluk,58781,29755,29026,2025
14,Batman,14.2,Beşiri,31864,17654,14210,2025
14,Batman,14.6,Sason,28150,14677,13473,2025
14,Batman,14.3,Gercüş,18894,9719,9175,2025
14,Batman,14.4,Hasankeyf,7152,3671,3481,2025
15,Bayburt,15.2,Bayburt merkez,68715,34821,33894,2025
15,Bayburt,15.3,Demirözü,8139,4167,3972,2025
15,Bayburt,15.1,Aydıntepe,5982,3010,2972,2025
16,Bilecik,16.1,Bilecik (merkez),82863,41839,41024,2025
16,Bilecik,16.2,Bozüyük,81332,40965,40367,2025
16,Bilecik,16.5,Osmaneli,22025,11075,10950,2025
16,Bilecik,16.7,Söğüt,18284,9117,9167,2025
16,Bilecik,16.3,Gölpazarı,10049,5668,4381,2025
16,Bilecik,16.6,Pazaryeri,9671,4807,4864,2025
16,Bilecik,16.8,Yenipazar,2692,1311,1381,2025
16,Bilecik,16.4,İnhisar,2079,1051,1028,2025
17,Bingöl,17.2,Bingöl merkez,175438,86604,88834,2025
17,Bingöl,17.6,Solhan,33233,16712,16521,2025
17,Bingöl,17.3,Genç,31654,16421,15233,2025
17,Bingöl,17.4,Karlıova,25265,12933,12332,2025
17,Bingöl,17.1,Adaklı,7491,3901,3590,2025
17,Bingöl,17.5,Kiğı,4487,2541,1946,2025
17,Bingöl,17.8,Yedisu,2842,1582,1260,2025
17,Bingöl,17.7,Yayladere,1889,1137,752,2025
18,Bitlis,18.7,Tatvan,105045,54264,50781,2025
18,Bitlis,18.3,Bitlis merkez,74904,38366,36538,2025
18,Bitlis,18.4,Güroymak,49372,25597,23775,2025
18,Bitlis,18.2,Ahlat,45637,24303,21334,2025
18,Bitlis,18.5,Hizan,29948,15246,14702,2025
18,Bitlis,18.1,Adilcevaz,28769,14720,14049,2025
18,Bitlis,18.6,Mutki,26748,14105,12643,2025
19,Bolu,19.1,Bolu merkez,222589,108661,113928,2025
19,Bolu,19.3,Gerede,37196,19806,17390,2025
19,Bolu,19.7,Mudurnu,18101,9361,8740,2025
19,Bolu,19.4,Göynük,14257,7424,6833,2025
19,Bolu,19.6,Mengen,14152,7192,6960,2025
19,Bolu,19.9,Yeniçağa,6443,3256,3187,2025
19,Bolu,19.2,Dörtdivan,6214,3110,3104,2025
19,Bolu,19.8,Seben,4438,2171,2267,2025
19,Bolu,19.5,Kıbrıscık,3783,2008,1775,2025
20,Burdur,20.4,Burdur (merkez),120832,62111,58721,2025
20,Burdur,20.3,Bucak,68312,34045,34267,2025
20,Burdur,20.7,Gölhisar,23969,11899,12070,2025
20,Burdur,20.11,Yeşilova,13915,6753,7162,2025
20,Burdur,20.5,Çavdır,12539,6263,6276,2025
20,Burdur,20.10,Tefenni,9514,4704,4810,2025
20,Burdur,20.8,Karamanlı,8097,3997,4100,2025
20,Burdur,20.1,Ağlasun,7347,3666,3681,2025
20,Burdur,20.2,Altınyayla,5060,2552,2508,2025
20,Burdur,20.6,Çeltikçi,4914,2343,2571,2025
20,Burdur,20.9,Kemer,2727,1356,1371,2025
21,Bursa,21.15,Osmangazi,886111,443448,442663,2025
21,Bursa,21.17,Yıldırım,654589,328402,326187,2025
21,Bursa,21.12,Nilüfer,578059,284545,293514,2025
21,Bursa,21.5,İnegöl,306004,154061,151943,2025
21,Bursa,21.2,Gemlik,124400,62434,61966,2025
21,Bursa,21.10,Mudanya,112225,54145,58080,2025
21,Bursa,21.3,Gürsu,105799,53738,52061,2025
21,Bursa,21.11,Mustafakemalpaşa,103652,51588,52064,2025
21,Bursa,21.7,Karacabey,86543,43376,43167,2025
21,Bursa,21.14,Orhangazi,81997,41153,40844,2025
21,Bursa,21.9,Kestel,77374,38808,38566,2025
21,Bursa,21.16,Yenişehir,55609,27586,28023,2025
21,Bursa,21.6,İznik,45510,22396,23114,2025
21,Bursa,21.13,Orhaneli,18963,9465,9498,2025
21,Bursa,21.8,Keles,10939,5542,5397,2025
21,Bursa,21.1,Büyükorhan,9148,4550,4598,2025
21,Bursa,21.4,Harmancık,6089,2975,3114,2025
22,Çanakkale,22.6,Çanakkale merkez,208613,101242,107371,2025
22,Çanakkale,22.3,Biga,94526,46885,47641,2025
22,Çanakkale,22.5,Çan,46612,23299,23313,2025
22,Çanakkale,22.9,Gelibolu,44689,22899,21790,2025
22,Çanakkale,22.1,Ayvacik,35411,17886,17525,2025
22,Çanakkale,22.8,Ezine,31894,15934,15960,2025
22,Çanakkale,22.11,Lapseki,30654,15169,15485,2025
22,Çanakkale,22.12,Yenice,29636,14629,15007,2025
22,Çanakkale,22.2,Bayramiç,28480,14072,14408,2025
22,Çanakkale,22.10,Gökçeada,11331,6145,5186,2025
22,Çanakkale,22.7,Eceabat,8746,4436,4310,2025
22,Çanakkale,22.4,Bozcaada,3384,1813,1571,2025
23,Çankırı,23.3,Çankırı merkez,99287,48554,50733,2025
23,Çankırı,23.10,Orta,17223,9211,8012,2025
23,Çankırı,23.4,Çerkeş,16927,8723,8204,2025
23,Çankırı,23.6,Ilgaz,13948,6979,6969,2025
23,Çankırı,23.11,Şabanözü,12493,6327,6166,2025
23,Çankırı,23.9,Kurşunlu,9130,4726,4404,2025
23,Çankırı,23.12,Yapraklı,7002,3499,3503,2025
23,Çankırı,23.7,Kızılırmak,6830,3446,3384,2025
23,Çankırı,23.5,Eldivan,6198,3148,3050,2025
23,Çankırı,23.1,Atkaracalar,5063,2594,2469,2025
23,Çankırı,23.8,Korgun,4239,2169,2070,2025
23,Çankırı,23.2,Bayramören,2209,1191,1018,2025
24,Çorum,24.4,Çorum merkez,299565,147664,151901,2025
24,Çorum,24.13,Sungurlu,49079,25514,23565,2025
24,Çorum,24.12,Osmancık,42673,21047,21626,2025
24,Çorum,24.1,Alaca,28989,14408,14581,2025
24,Çorum,24.6,İskilip,28132,13914,14218,2025
24,Çorum,24.7,Kargı,15119,7341,7778,2025
24,Çorum,24.2,Bayat,13312,6437,6875,2025
24,Çorum,24.9,Mecitözü,12911,6656,6255,2025
24,Çorum,24.11,Ortaköy,6491,3282,3209,2025
24,Çorum,24.14,Uğurludağ,5992,3127,2865,2025
24,Çorum,24.5,Dodurga,5036,2470,2566,2025
24,Çorum,24.10,Oğuzlar,4610,2259,2351,2025
24,Çorum,24.8,Laçin,4094,2133,1961,2025
24,Çorum,24.3,Boğazkale,3587,1833,1754,2025
25,Denizli,25.15,Merkezefendi,351085,172378,178707,2025
25,Denizli,25.16,Pamukkale,343071,168943,174128,2025
25,Denizli,25.11,Çivril,59689,29596,30093,2025
25,Denizli,25.1,Acıpayam,54769,27547,27222,2025
25,Denizli,25.19,Tavas,40104,19908,20196,2025
25,Denizli,25.13,Honaz,34468,19420,15048,2025
25,Denizli,25.17,Sarayköy,30883,15564,15319,2025
25,Denizli,25.7,Buldan,26231,12896,13335,2025
25,Denizli,25.14,Kale,18855,9518,9337,2025
25,Denizli,25.9,Çameli,17447,8845,8602,2025
25,Denizli,25.8,Çal,17277,8554,8723,2025
25,Denizli,25.18,Serinhisar,14661,7327,7334,2025
25,Denizli,25.6,Bozkurt,11176,5289,5887,2025
25,Denizli,25.12,Güney,9043,4500,4543,2025
25,Denizli,25.10,Çardak,8497,4327,4170,2025
25,Denizli,25.4,Bekilli,6243,3031,3212,2025
25,Denizli,25.2,Babadağ,6199,3221,2978,2025
25,Denizli,25.5,Beyağaç,6011,3056,2955,2025
25,Denizli,25.3,Balkan,5266,2653,2613,2025
26,Diyarbakır,26.11,Kayapınar,454311,229998,224313,2025
26,Diyarbakır,26.1,Bağlar,402275,201145,201130,2025
26,Diyarbakır,26.17,Yenişehir,232622,116643,115979,2025
26,Diyarbakır,26.8,Ergani,141098,71573,69525,2025
26,Diyarbakır,26.2,Bismil,119815,60155,59660,2025
26,Diyarbakır,26.16,Sur,97961,49960,48001,2025
26,Diyarbakır,26.15,Silvan,86752,44054,42698,2025
26,Diyarbakır,26.4,Çınar,79114,39921,39193,2025
26,Diyarbakır,26.3,Çermik,49299,24856,24443,2025
26,Diyarbakır,26.6,Dicle,35948,18399,17549,2025
26,Diyarbakır,26.13,Kulp,33973,17406,16567,2025
26,Diyarbakır,26.9,Hani,32285,16676,15609,2025
26,Diyarbakır,26.14,Lice,24060,12729,11331,2025
26,Diyarbakır,26.7,Eğil,21674,11133,10541,2025
26,Diyarbakır,26.10,Hazro,16024,8266,7758,2025
26,Diyarbakır,26.12,Kocaköy,15088,7744,7344,2025
26,Diyarbakır,26.5,Çüngüş,10057,5105,4952,2025
27,Düzce,27.4,Düzce merkez,267249,131399,135850,2025
27,Düzce,27.1,Akçakoca,41134,20239,20895,2025
27,Düzce,27.5,Gölyaka,20840,10650,10190,2025
27,Düzce,27.7,Kaynaşlı,20379,10409,9970,2025
27,Düzce,27.3,Çilimli,19022,10864,8158,2025
27,Düzce,27.6,Gümüşova,17344,8795,8549,2025
27,Düzce,27.2,Cumayeri,16162,8158,8004,2025
27,Düzce,27.8,Yığılca,13492,7161,6331,2025
28,Edirne,28.1,Edirne merkez,200753,100523,100230,2025
28,Edirne,28.5,Keşan,85259,42478,42781,2025
28,Edirne,28.9,Uzunköprü,59085,29499,29586,2025
28,Edirne,28.4,İpsala,25278,12976,12302,2025
28,Edirne,28.3,Havsa,17302,8696,8606,2025
28,Edirne,28.7,Meriç,12329,6276,6053,2025
28,Edirne,28.2,Enez,10399,5347,5052,2025
28,Edirne,28.8,Süloğlu,6101,3377,2724,2025
28,Edirne,28.6,Lalapaşa,5932,3231,2701,2025
29,Elazığ,29.5,Elazığ merkez,463686,227169,236517,2025
29,Elazığ,29.8,Kovancılar,37874,18957,18917,2025
29,Elazığ,29.6,Karakoçan,28320,14132,14188,2025
29,Elazığ,29.10,Palu,17872,9291,8581,2025
29,Elazığ,29.4,Baskil,13397,6912,6485,2025
29,Elazığ,29.3,Arıcak,12340,6401,5939,2025
29,Elazığ,29.9,Maden,9139,4773,4366,2025
29,Elazığ,29.11,Sivrice,8070,3823,4247,2025
29,Elazığ,29.7,Keban,7112,3527,3585,2025
29,Elazığ,29.2,Alacakaya,5336,2819,2517,2025
29,Elazığ,29.1,Ağın,2532,1287,1245,2025
30,Erzincan,30.2,Erzincan merkez,169506,85176,84330,2025
30,Erzincan,30.8,Tercan,16145,8533,7612,2025
30,Erzincan,30.9,Üzümlü,13960,7181,6779,2025
30,Erzincan,30.7,Refahiye,10954,5794,5160,2025
30,Erzincan,30.3,Ilıç,8543,4446,4097,2025
30,Erzincan,30.1,Çayırlı,7491,3927,3564,2025
30,Erzincan,30.4,Kemah,6419,3377,3042,2025
30,Erzincan,30.5,Kemaliye,4484,2380,2104,2025
30,Erzincan,30.6,Otlukbeli,2123,1113,1010,2025
31,Erzurum,31.20,Yakutiye,189149,89683,99466,2025
31,Erzurum,31.13,Palandöken,181922,88838,93084,2025
31,Erzurum,31.2,Aziziye,71827,38925,32902,2025
31,Erzurum,31.5,Horasan,34896,17747,17149,2025
31,Erzurum,31.11,Oltu,29765,14862,14903,2025
31,Erzurum,31.14,Pasinler,25401,12973,12428,2025
31,Erzurum,31.4,Hınıs,23011,11621,11390,2025
31,Erzurum,31.8,Karayazı,22570,11602,10968,2025
31,Erzurum,31.17,Tekman,20826,10616,10210,2025
31,Erzurum,31.1,Aşkale,19983,10130,9853,2025
31,Erzurum,31.7,Karaçoban,19922,10161,9761,2025
31,Erzurum,31.16,Şenkaya,14918,7598,7320,2025
31,Erzurum,31.3,Çat,14015,7367,6648,2025
31,Erzurum,31.6,İspir,13984,7114,6870,2025
31,Erzurum,31.9,Köprüköy,12903,6697,6206,2025
31,Erzurum,31.18,Tortum,12881,6444,6437,2025
31,Erzurum,31.10,Narman,11119,5604,5515,2025
31,Erzurum,31.19,Uzundere,8263,4162,4101,2025
31,Erzurum,31.12,Olur,5985,3006,2979,2025
31,Erzurum,31.15,Pazaryolu,3537,1782,1755,2025
32,Eskişehir,32.10,Odunpazarı,431652,211812,219840,2025
32,Eskişehir,32.14,Tepebaşı,398129,198188,199941,2025
32,Eskişehir,32.13,Sivrihisar,20189,10464,9725,2025
32,Eskişehir,32.3,Çifteler,14487,7441,7046,2025
32,Eskişehir,32.12,Seyitgazi,12565,6679,5886,2025
32,Eskişehir,32.1,Alpu,9725,5190,4535,2025
32,Eskişehir,32.9,Mihalıççık,7605,4043,3562,2025
32,Eskişehir,32.7,Mahmudiye,7407,3881,3526,2025
32,Eskişehir,32.6,İnönü,6114,3225,2889,2025
32,Eskişehir,32.2,Beylikova,5611,2911,2700,2025
32,Eskişehir,32.4,Günyüzü,5008,2526,2482,2025
32,Eskişehir,32.11,Sarıcakaya,4477,2258,2219,2025
32,Eskişehir,32.8,Mihalgazi,2861,1448,1413,2025
32,Eskişehir,32.5,Han,2126,1114,1012,2025
33,Gaziantep,33.7,Şahinbey,957792,478554,479238,2025
33,Gaziantep,33.8,Şehitkamil,905880,458018,447862,2025
33,Gaziantep,33.4,Nizip,152660,76873,75787,2025
33,Gaziantep,33.2,İslahiye,66107,34313,31794,2025
33,Gaziantep,33.5,Nurdağı,38269,19596,18673,2025
33,Gaziantep,33.6,Oğuzeli,36644,19005,17639,2025
33,Gaziantep,33.1,Araban,32540,16342,16198,2025
33,Gaziantep,33.9,Yavuzeli,23436,12038,11398,2025
33,Gaziantep,33.3,Karkamış,9087,4818,4269,2025
34,Giresun,34.9,Giresun merkez,143915,69933,73982,2025
34,Giresun,34.2,Bulancak,70397,35102,35295,2025
34,Giresun,34.7,Espiye,39182,21033,18149,2025
34,Giresun,34.15,Tirebolu,32124,15959,16165,2025
34,Giresun,34.10,Görele,31536,15758,15778,2025
34,Giresun,34.12,Keşap,20859,10264,10595,2025
34,Giresun,34.5,Dereli,20100,10467,9633,2025
34,Giresun,34.14,Şebinkarahisar,19130,9686,9444,2025
34,Giresun,34.13,Piraziz,15109,7495,7614,2025
34,Giresun,34.16,Yağlıdere,14688,7452,7236,2025
34,Giresun,34.8,Eynesil,12548,6048,6500,2025
34,Giresun,34.1,Alucra,8473,4284,4189,2025
34,Giresun,34.11,Güce,8194,4182,4012,2025
34,Giresun,34.6,Doğankent,7327,3787,3540,2025
34,Giresun,34.4,Çanakçı,5783,2972,2811,2025
34,Giresun,34.3,Çamoluk,5709,3016,2693,2025
35,Gümüşhane,35.1,Gümüşhane merkez,54697,26996,27701,2025
35,Gümüşhane,35.2,Kelkit,38520,19484,19036,2025
35,Gümüşhane,35.5,Şiran,18377,9247,9130,2025
35,Gümüşhane,35.4,Kürtün,11327,5852,5475,2025
35,Gümüşhane,35.6,Torul,9779,4923,4856,2025
35,Gümüşhane,35.3,Köse,6107,3097,3010,2025
36,Hakkari,36.5,Yüksekova,121314,62176,59138,2025
36,Hakkari,36.3,Hakkari merkez,76165,39477,36688,2025
36,Hakkari,36.4,Şemdinli,43034,22319,20715,2025
36,Hakkari,36.2,Derecik,24869,13367,11502,2025
36,Hakkari,36.1,Çukurca,14299,8902,5397,2025
37,Hatay,37.2,Antakya (merkez),301855,153264,148591,2025
37,Hatay,37.9,İskenderun,228149,114565,113584,2025
37,Hatay,37.5,Defne,139605,69933,69672,2025
37,Hatay,37.6,Dörtyol,132987,66964,66023,2025
37,Hatay,37.14,Samandağ,122952,61130,61822,2025
37,Hatay,37.13,Reyhanlı,117645,59394,58251,2025
37,Hatay,37.3,Arsuz,115077,58334,56743,2025
37,Hatay,37.10,Kırıkhan,108200,54826,53374,2025
37,Hatay,37.1,Altınözü,69834,35557,34277,2025
37,Hatay,37.8,Hassa,57457,29391,28066,2025
37,Hatay,37.12,Payas,44530,22553,21977,2025
37,Hatay,37.7,Erzin,43103,21710,21393,2025
37,Hatay,37.15,Yayladağı,42019,22003,20016,2025
37,Hatay,37.4,Belen,37876,19181,18695,2025
37,Hatay,37.11,Kumlu,16242,8580,7662,2025
38,Iğdır,38.2,Iğdır (merkez),152455,78093,74362,2025
38,Iğdır,38.4,Tuzluca,21525,11322,10203,2025
38,Iğdır,38.1,Aralık,18477,9954,8523,2025
38,Iğdır,38.3,Karakoyunlu,12614,6538,6076,2025
39,Isparta,39.6,Isparta merkez,273638,134133,139505,2025
39,Isparta,39.12,Yalvaç,44596,22272,22324,2025
39,Isparta,39.3,Eğirdir,29200,14580,14620,2025
39,Isparta,39.10,Şarkîkaraağaç,24310,11825,12485,2025
39,Isparta,39.7,Keçiborlu,14033,7194,6839,2025
39,Isparta,39.4,Gelendost,13985,6913,7072,2025
39,Isparta,39.8,Senirkent,10331,5060,5271,2025
39,Isparta,39.9,Sütçüler,9228,4679,4549,2025
39,Isparta,39.5,Gönen,7065,3543,3522,2025
39,Isparta,39.11,Uluborlu,6287,3191,3096,2025
39,Isparta,39.2,Atabey,6204,3047,3157,2025
39,Isparta,39.1,Aksu,4073,2088,1985,2025
39,Isparta,39.13,Yenişarbademli,2353,1199,1154,2025
40,İstanbul,40.18,Esenyurt,1003905,510615,493290,2025
40,İstanbul,40.26,Küçükçekmece,785270,390065,395205,2025
40,İstanbul,40.28,Pendik,752033,377519,374514,2025
40,İstanbul,40.37,Ümraniye,728913,363243,365670,2025
40,İstanbul,40.5,Bağcılar,707635,358360,349275,2025
40,İstanbul,40.6,Bahçelievler,539035,267888,271147,2025
40,İstanbul,40.8,Başakşehir,536797,267284,269513,2025
40,İstanbul,40.33,Sultangazi,529306,267882,261424,2025
40,İstanbul,40.27,Maltepe,525044,262763,262281,2025
40,İstanbul,40.38,Üsküdar,514294,249762,264532,2025
40,İstanbul,40.29,Sancaktepe,507500,256134,251366,2025
40,İstanbul,40.21,Gaziosmanpaşa,478395,240927,237468,2025
40,İstanbul,40.25,Kartal,475630,233101,242529,2025
40,İstanbul,40.23,Kadıköy,458573,205934,252639,2025
40,İstanbul,40.24,Kağıthane,446420,224442,221978,2025
40,İstanbul,40.4,Avcılar,440663,220680,219983,2025
40,İstanbul,40.19,Eyüpsultan,425216,211553,213663,2025
40,İstanbul,40.12,Beylikdüzü,422988,205541,217447,2025
40,İstanbul,40.17,Esenler,419878,214611,205267,2025
40,İstanbul,40.3,Ataşehir,412125,200837,211288,2025
40,İstanbul,40.32,Sultanbeyli,378908,192802,186106,2025
40,İstanbul,40.2,Arnavutköy,358469,185054,173415,2025
40,İstanbul,40.20,Fatih,351786,175623,176163,2025
40,İstanbul,40.30,Sarıyer,344883,169406,175477,2025
40,İstanbul,40.16,Çekmeköy,315959,156858,159101,2025
40,İstanbul,40.36,Tuzla,313865,157743,156122,2025
40,İstanbul,40.14,Büyükçekmece,283239,139094,144145,2025
40,İstanbul,40.39,Zeytinburnu,275471,134925,140546,2025
40,İstanbul,40.9,Bayrampaşa,272978,138544,134434,2025
40,İstanbul,40.35,Şişli,261959,126056,135903,2025
40,İstanbul,40.22,Güngören,251242,126408,124834,2025
40,İstanbul,40.11,Beykoz,246833,121727,125106,2025
40,İstanbul,40.31,Silivri,240029,135456,104573,2025
40,İstanbul,40.7,Bakırköy,218204,101484,116720,2025
40,İstanbul,40.13,Beyoğlu,215991,111254,104737,2025
40,İstanbul,40.10,Beşiktaş,165895,73690,92205,2025
40,İstanbul,40.15,Çatalca,81143,41538,39605,2025
40,İstanbul,40.34,Şile,50090,25579,24511,2025
40,İstanbul,40.1,Adalar,17489,8962,8527,2025
41,İzmir,41.8,Buca,520941,257974,262967,2025
41,İzmir,41.15,Karabağlar,467572,229510,238062,2025
41,İzmir,41.7,Bornova,452479,222442,230037,2025
41,İzmir,41.17,Karşıyaka,339624,157706,181918,2025
41,İzmir,41.21,Konak,317399,154319,163080,2025
41,İzmir,41.4,Bayraklı,296481,145915,150566,2025
41,İzmir,41.29,Torbalı,224133,112575,111558,2025
41,İzmir,41.23,Menemen,220510,111820,108690,2025
41,İzmir,41.10,Çiğli,216430,106957,109473,2025
41,İzmir,41.13,Gaziemir,137220,68495,68725,2025
41,İzmir,41.25,Ödemiş,132548,66326,66222,2025
41,İzmir,41.18,Kemalpaşa,122840,62487,60353,2025
41,İzmir,41.22,Menderes,112853,56571,56282,2025
41,İzmir,41.1,Aliağa,110892,60541,50351,2025
41,İzmir,41.5,Bergama,107549,53894,53655,2025
41,İzmir,41.28,Tire,87571,43091,44480,2025
41,İzmir,41.30,Urla,82021,40558,41463,2025
41,İzmir,41.2,Balçova,75743,36731,39012,2025
41,İzmir,41.26,Seferihisar,63712,31531,32181,2025
41,İzmir,41.24,Narlıdere,61320,29740,31580,2025
41,İzmir,41.9,Çeşme,51902,26110,25792,2025
41,İzmir,41.11,Dikili,49138,24394,24744,2025
41,İzmir,41.20,Kiraz,43340,21968,21372,2025
41,İzmir,41.3,Bayındır,39971,19939,20032,2025
41,İzmir,41.14,Güzelbahçe,39474,18894,20580,2025
41,İzmir,41.27,Selçuk,38578,19221,19357,2025
41,İzmir,41.12,Foça,37711,20718,16993,2025
41,İzmir,41.19,Kınık,28604,14308,14296,2025
41,İzmir,41.16,Karaburun,13725,7039,6686,2025
41,İzmir,41.6,Beydağ,11904,5964,5940,2025
42,Kahramanmaraş,42.9,Onikişubat,447591,224307,223284,2025
42,Kahramanmaraş,42.4,Dulkadiroğlu,213930,109645,104285,2025
42,Kahramanmaraş,42.6,Elbistan,132036,67288,64748,2025
42,Kahramanmaraş,42.11,Türkoğlu,81055,44096,36959,2025
42,Kahramanmaraş,42.1,Afşin,80124,40843,39281,2025
42,Kahramanmaraş,42.10,Pazarcık,66777,33776,33001,2025
42,Kahramanmaraş,42.7,Göksun,49145,24969,24176,2025
42,Kahramanmaraş,42.2,Andırın,31609,16251,15358,2025
42,Kahramanmaraş,42.3,Çağlayancerit,22440,11531,10909,2025
42,Kahramanmaraş,42.8,Nurhak,11675,6112,5563,2025
42,Kahramanmaraş,42.5,Ekinözü,9896,5256,4640,2025
43,Karabük,43.3,Merkez,135819,67958,67861,2025
43,Karabük,43.5,Safranbolu,69592,35237,34355,2025
43,Karabük,43.6,Yenice,18984,9643,9341,2025
43,Karabük,43.2,Eskipazar,12570,6626,5944,2025
43,Karabük,43.1,Eflani,8663,4434,4229,2025
43,Karabük,43.4,Ovacık,3986,2123,1863,2025
44,Karaman,44.4,Karaman merkez,207973,102936,105037,2025
44,Karaman,44.3,Ermenek,27629,14104,13525,2025
44,Karaman,44.6,Sarıveliler,11594,6042,5552,2025
44,Karaman,44.1,Ayrancı,7127,3724,3403,2025
44,Karaman,44.5,Kazımkarabekir,4679,2327,2352,2025
44,Karaman,44.2,Başyayla,3353,1772,1581,2025
45,Kars,45.5,Kars merkez,121154,61520,59634,2025
45,Kars,45.4,Kağızman,42717,21717,21000,2025
45,Kars,45.6,Sarıkamış,35518,18494,17024,2025
45,Kars,45.7,Selim,20476,10596,9880,2025
45,Kars,45.3,Digor,17557,9228,8329,2025
45,Kars,45.2,Arpaçay,13770,7224,6546,2025
45,Kars,45.1,Akyaka,9382,5124,4258,2025
45,Kars,45.8,Susuz,8417,4379,4038,2025
46,Kastamonu,46.14,Kastamonu merkez,158953,77505,81448,2025
46,Kastamonu,46.20,Tosya,39091,18991,20100,2025
46,Kastamonu,46.19,Taşköprü,36544,18145,18399,2025
46,Kastamonu,46.6,Cide,22496,11339,11157,2025
46,Kastamonu,46.13,İnebolu,19678,9738,9940,2025
46,Kastamonu,46.3,Araç,18121,9292,8829,2025
46,Kastamonu,46.9,Devrekani,12033,6152,5881,2025
46,Kastamonu,46.5,Bozkurt,9250,4652,4598,2025
46,Kastamonu,46.8,Daday,7736,3919,3817,2025
46,Kastamonu,46.4,Azdavay,7266,3715,3551,2025
46,Kastamonu,46.7,Çatalzeytin,7185,3546,3639,2025
46,Kastamonu,46.16,Pınarbaşı,5782,3032,2750,2025
46,Kastamonu,46.15,Küre,5108,2690,2418,2025
46,Kastamonu,46.10,Doğanyurt,5057,2620,2437,2025
46,Kastamonu,46.12,İhsangazi,4976,2439,2537,2025
46,Kastamonu,46.17,Seydiler,4639,2335,2304,2025
46,Kastamonu,46.1,Abana,4474,2332,2142,2025
46,Kastamonu,46.11,Hanönü,4286,2203,2083,2025
46,Kastamonu,46.18,Şenpazar,4083,2119,1964,2025
46,Kastamonu,46.2,Ağlı,3176,1626,1550,2025
47,Kayseri,47.8,Melikgazi,593262,294030,299232,2025
47,Kayseri,47.7,Kocasinan,421472,209809,211663,2025
47,Kayseri,47.13,Talas,173657,84865,88792,2025
47,Kayseri,47.3,Develi,67818,33892,33926,2025
47,Kayseri,47.15,Yahyalı,35207,17813,17394,2025
47,Kayseri,47.2,Bünyan,30362,17853,12509,2025
47,Kayseri,47.6,İncesu,29780,15245,14535,2025
47,Kayseri,47.10,Pınarbaşı,20598,11037,9561,2025
47,Kayseri,47.14,Tomarza,20156,10230,9926,2025
47,Kayseri,47.16,Yeşilhisar,15409,7803,7606,2025
47,Kayseri,47.5,Hacılar,13701,6985,6716,2025
47,Kayseri,47.11,Sarıoğlan,13510,6866,6644,2025
47,Kayseri,47.12,Sarız,9213,4776,4437,2025
47,Kayseri,47.4,Felahiye,5529,2824,2705,2025
47,Kayseri,47.1,Akkışla,5440,2798,2642,2025
47,Kayseri,47.9,Özvatan,3877,2010,1867,2025
48,Kilis,48.2,Kilis (merkez),135430,68123,67307,2025
48,Kilis,48.3,Musabeyli,11692,6095,5597,2025
48,Kilis,48.1,Elbeyli,5273,2921,2352,2025
48,Kilis,48.4,Polateli,4968,2588,2380,2025
49,Kırıkkale,49.7,Kırıkkale (merkez),192821,94624,98197,2025
49,Kırıkkale,49.9,Yahşihan,39137,19133,20004,2025
49,Kırıkkale,49.6,Keskin,15841,9265,6576,2025
49,Kırıkkale,49.4,Delice,10577,6328,4249,2025
49,Kırıkkale,49.1,Bahşılı,7353,3686,3667,2025
49,Kırıkkale,49.2,Balışeyh,5888,3225,2663,2025
49,Kırıkkale,49.8,Sulakyurt,5564,2876,2688,2025
49,Kırıkkale,49.5,Karakeçeli,3062,1591,1471,2025
49,Kırıkkale,49.3,Çelebi,2587,1376,1211,2025
50,Kırklareli,50.5,Lüleburgaz,157136,78705,78431,2025
50,Kırklareli,50.3,Kırklareli merkez,114710,57560,57150,2025
50,Kırklareli,50.1,Babaeski,46355,23321,23034,2025
50,Kırklareli,50.8,Vize,28769,14854,13915,2025
50,Kırklareli,50.7,Pınarhisar,17694,9191,8503,2025
50,Kırklareli,50.2,Demirköy,9364,5249,4115,2025
50,Kırklareli,50.6,Pehlivanköy,3276,1678,1598,2025
50,Kırklareli,50.4,Kofçaz,2291,1320,971,2025
51,Kırşehir,51.6,Kırşehir merkez,163368,80996,82372,2025
51,Kırşehir,51.5,Kaman,33354,16768,16586,2025
51,Kırşehir,51.7,Mucur,17920,9007,8913,2025
51,Kırşehir,51.4,Çiçekdağı,13350,6532,6818,2025
51,Kırşehir,51.2,Akpınar,6435,3272,3163,2025
51,Kırşehir,51.3,Boztepe,5049,2633,2416,2025
51,Kırşehir,51.1,Akçakent,3301,1668,1633,2025
52,Kocaeli,52.6,Gebze,414960,209814,205146,2025
52,Kocaeli,52.8,İzmit,381254,188033,193221,2025
52,Kocaeli,52.3,Darıca,235632,118726,116906,2025
52,Kocaeli,52.12,Körfez,183077,91819,91258,2025
52,Kocaeli,52.7,Gölcük,181227,91030,90197,2025
52,Kocaeli,52.2,Çayırova,162262,82430,79832,2025
52,Kocaeli,52.11,Kartepe,154377,78261,76116,2025
52,Kocaeli,52.4,Derince,147892,73952,73940,2025
52,Kocaeli,52.1,Başiskele,131387,65746,65641,2025
52,Kocaeli,52.10,Karamürsel,59488,29634,29854,2025
52,Kocaeli,52.5,Dilovası,55355,28567,26788,2025
52,Kocaeli,52.9,Kandıra,54260,30741,23519,2025
53,Konya,53.26,Selçuklu,703449,343284,360165,2025
53,Konya,53.22,Karatay,395499,197936,197563,2025
53,Konya,53.24,Meram,349685,172911,176774,2025
53,Konya,53.14,Ereğli,158010,81571,76439,2025
53,Konya,53.3,Akşehir,93613,45717,47896,2025
53,Konya,53.5,Beyşehir,80353,39743,40610,2025
53,Konya,53.9,Çumra,68803,34606,34197,2025
53,Konya,53.27,Seydişehir,66079,33135,32944,2025
53,Konya,53.19,Ilgın,53167,26427,26740,2025
53,Konya,53.21,Karapınar,51756,26489,25267,2025
53,Konya,53.23,Kulu,51732,25715,26017,2025
53,Konya,53.7,Cihanbeyli,49126,24805,24321,2025
53,Konya,53.20,Kadınhanı,31478,16033,15445,2025
53,Konya,53.25,Sarayönü,28401,14372,14029,2025
53,Konya,53.6,Bozkır,24704,12126,12578,2025
53,Konya,53.31,Yunak,20259,10351,9908,2025
53,Konya,53.18,Hüyük,14878,7277,7601,2025
53,Konya,53.4,Altınekin,14374,7402,6972,2025
53,Konya,53.12,Doğanhisar,14097,6786,7311,2025
53,Konya,53.16,Hadim,10621,5323,5298,2025
53,Konya,53.8,Çeltik,9482,4864,4618,2025
53,Konya,53.15,Güneysınır,9237,4615,4622,2025
53,Konya,53.13,Emirgazi,7647,3997,3650,2025
53,Konya,53.29,Tuzlukçu,6052,2999,3053,2025
53,Konya,53.2,Akören,5744,2882,2862,2025
53,Konya,53.28,Taşkent,5669,2784,2885,2025
53,Konya,53.11,Derebucak,5353,2685,2668,2025
53,Konya,53.1,Ahırlı,4536,2279,2257,2025
53,Konya,53.10,Derbent,3954,1910,2044,2025
53,Konya,53.17,Halkapınar,3947,1979,1968,2025
53,Konya,53.30,Yalıhüyük,1704,847,857,2025
54,Kütahya,54.9,Kütahya merkez,277000,137222,139778,2025
54,Kütahya,54.13,Tavşanlı,100882,50163,50719,2025
54,Kütahya,54.11,Simav,60886,29537,31349,2025
54,Kütahya,54.7,Gediz Merkez,48539,23505,25034,2025
54,Kütahya,54.6,Emet,17352,8360,8992,2025
54,Kütahya,54.1,Altıntaş,14739,7419,7320,2025
54,Kütahya,54.4,Domaniç,13900,6946,6954,2025
54,Kütahya,54.8,Hisarcık,10799,5255,5544,2025
54,Kütahya,54.2,Aslanapa,7813,3961,3852,2025
54,Kütahya,54.12,Şaphane,5540,2612,2928,2025
54,Kütahya,54.3,Çavdarhisar,5503,2675,2828,2025
54,Kütahya,54.10,Pazarlar,4713,2297,2416,2025
54,Kütahya,54.5,Dumlupınar,2812,1423,1389,2025
55,Malatya,55.13,Yeşilyurt,309890,153750,156140,2025
55,Malatya,55.4,Battalgazi,274563,134954,139609,2025
55,Malatya,55.6,Doğanşehir,36037,18640,17397,2025
55,Malatya,55.1,Akçadağ,31479,18075,13404,2025
55,Malatya,55.5,Darende,24806,12609,12197,2025
55,Malatya,55.8,Hekimhan,17116,8869,8247,2025
55,Malatya,55.12,Yazıhan,13937,7295,6642,2025
55,Malatya,55.11,Pütürge,12372,6265,6107,2025
55,Malatya,55.2,Arapgir,9917,5142,4775,2025
55,Malatya,55.9,Kale,7462,3684,3778,2025
55,Malatya,55.10,Kuluncak,7414,3819,3595,2025
55,Malatya,55.3,Arguvan,6859,3540,3319,2025
55,Malatya,55.7,Doğanyol,4002,2044,1958,2025
56,Manisa,56.17,Yunusemre,270355,134487,135868,2025
56,Manisa,56.2,Akhisar,181472,91022,90450,2025
56,Manisa,56.16,Turgutlu,179326,90101,89225,2025
56,Manisa,56.15,Şehzadeler,168582,87494,81088,2025
56,Manisa,56.10,Salihli,165007,81653,83354,2025
56,Manisa,56.14,Soma,110188,54972,55216,2025
56,Manisa,56.3,Alaşehir,104565,52909,51656,2025
56,Manisa,56.12,Saruhanlı,58475,29427,29048,2025
56,Manisa,56.9,Kula,43015,21150,21865,2025
56,Manisa,56.7,Kırkağaç,37363,18721,18642,2025
56,Manisa,56.4,Demirci,35629,17975,17654,2025
56,Manisa,56.11,Sarıgöl,34786,17130,17656,2025
56,Manisa,56.6,Gördes,25456,12487,12969,2025
56,Manisa,56.13,Selendi,18568,9320,9248,2025
56,Manisa,56.1,Ahmetli,17612,8770,8842,2025
56,Manisa,56.5,Gölmarmara,15140,7564,7576,2025
56,Manisa,56.8,Köprübaşı,12217,6011,6206,2025
57,Mardin,57.4,Kızıltepe,275217,138776,136441,2025
57,Mardin,57.1,Artuklu,198718,99554,99164,2025
57,Mardin,57.6,Midyat,125791,62906,62885,2025
57,Mardin,57.7,Nusaybin,119559,59516,60043,2025
57,Mardin,57.3,Derik,61553,30916,30637,2025
57,Mardin,57.5,Mazıdağı,37381,19073,18308,2025
57,Mardin,57.2,Dargeçit,26675,13271,13404,2025
57,Mardin,57.9,Savur,23404,11719,11685,2025
57,Mardin,57.10,Yeşilli,21166,10708,10458,2025
57,Mardin,57.8,Ömerli,14112,7338,6774,2025
58,Mersin,58.11,Tarsus,358510,179795,178715,2025
58,Mersin,58.12,Toroslar,322971,161803,161168,2025
58,Mersin,58.13,Yenişehir,281358,134081,147277,2025
58,Mersin,58.1,Akdeniz,254292,130304,123988,2025
58,Mersin,58.8,Mezitli,233140,112407,120733,2025
58,Mersin,58.6,Erdemli,157566,78768,78798,2025
58,Mersin,58.10,Silifke,139610,70965,68645,2025
58,Mersin,58.2,Anamur,66952,33790,33162,2025
58,Mersin,58.9,Mut,62758,31543,31215,2025
58,Mersin,58.7,Gülnar,32785,19954,12831,2025
58,Mersin,58.4,Bozyazı,26832,13480,13352,2025
58,Mersin,58.3,Aydıncık,11271,5754,5517,2025
58,Mersin,58.5,Çamlıyayla,8383,4448,3935,2025
59,Muğla,59.1,Bodrum,207196,106238,100958,2025
59,Muğla,59.4,Fethiye,187332,93083,94249,2025
59,Muğla,59.9,Milas,152275,77172,75103,2025
59,Muğla,59.8,Menteşe,126288,63382,62906,2025
59,Muğla,59.7,Marmaris,97373,50728,46645,2025
59,Muğla,59.11,Seydikemer,65648,34401,31247,2025
59,Muğla,59.10,Ortaca,58704,29212,29492,2025
59,Muğla,59.2,Dalaman,53327,28022,25305,2025
59,Muğla,59.13,Yatağan,45024,22724,22300,2025
59,Muğla,59.6,Köyceğiz,41810,21016,20794,2025
59,Muğla,59.12,Ula,27649,14023,13626,2025
59,Muğla,59.3,Datça,26067,13101,12966,2025
59,Muğla,59.5,Kavaklıdere,10854,5526,5328,2025
60,Muş,60.5,Muş merkez,203810,103224,100586,2025
60,Muş,60.1,Bulanık,68983,35081,33902,2025
60,Muş,60.4,Malazgirt,40595,20794,19801,2025
60,Muş,60.6,Varto,28804,14378,14426,2025
60,Muş,60.2,Hasköy,27684,14320,13364,2025
60,Muş,60.3,Korkut,19251,9813,9438,2025
61,Nevşehir,61.7,Nevşehir merkez,163126,79811,83315,2025
61,Nevşehir,61.8,Ürgüp,39979,19437,20542,2025
61,Nevşehir,61.2,Avanos,32093,15968,16125,2025
61,Nevşehir,61.4,Gülşehir,21173,10426,10747,2025
61,Nevşehir,61.3,Derinkuyu,21107,10705,10402,2025
61,Nevşehir,61.1,Acıgöl,19430,10004,9426,2025
61,Nevşehir,61.6,Kozaklı,12678,6242,6436,2025
61,Nevşehir,61.5,Hacıbektaş,10564,5222,5342,2025
62,Niğde,62.5,Niğde (merkez),244326,121778,122548,2025
62,Niğde,62.2,Bor,62594,31064,31530,2025
62,Niğde,62.4,Çiftlik,25157,13059,12098,2025
62,Niğde,62.6,Ulukisla,18780,9626,9154,2025
62,Niğde,62.1,Altunhisar,12004,6265,5739,2025
62,Niğde,62.3,Çamardı,11631,5710,5921,2025
63,Ordu,63.2,Altınordu,239714,115942,123772,2025
63,Ordu,63.19,Ünye,135914,67536,68378,2025
63,Ordu,63.7,Fatsa,129844,64302,65542,2025
63,Ordu,63.17,Perşembe,30053,15682,14371,2025
63,Ordu,63.15,Kumru,27638,13916,13722,2025
63,Ordu,63.14,Korgan,26428,13430,12998,2025
63,Ordu,63.8,Gölköy,24780,12634,12146,2025
63,Ordu,63.1,Akkuş,20465,10769,9696,2025
63,Ordu,63.3,Aybastı,19784,9836,9948,2025
63,Ordu,63.18,Ulubey,18027,9441,8586,2025
63,Ordu,63.5,Çatalpınar,12888,6537,6351,2025
63,Ordu,63.11,İkizce,12537,6523,6014,2025
63,Ordu,63.10,Gürgentepe,12499,6390,6109,2025
63,Ordu,63.16,Mesudiye,11829,6133,5696,2025
63,Ordu,63.6,Çaybaşı,11656,5965,5691,2025
63,Ordu,63.13,Kabataş,9949,5008,4941,2025
63,Ordu,63.9,Gülyalı,8881,4557,4324,2025
63,Ordu,63.4,Çamaş,8407,4339,4068,2025
63,Ordu,63.12,Kabadüz,6794,3836,2958,2025
64,Osmaniye,64.5,Osmaniye (merkez),284895,141693,143202,2025
64,Osmaniye,64.4,Kadirli,127644,63761,63883,2025
64,Osmaniye,64.2,Düziçi,88274,44339,43935,2025
64,Osmaniye,64.1,Bahçe,22989,11567,11422,2025
64,Osmaniye,64.7,Toprakkale,22358,13323,9035,2025
64,Osmaniye,64.6,Sumbas,13049,6758,6291,2025
64,Osmaniye,64.3,Hasanbeyli,4914,2541,2373,2025
65,Rize,65.12,Rize merkezi,153597,74544,79053,2025
65,Rize,65.1,Ardeşen,43519,21653,21866,2025
65,Rize,65.3,Çayeli,42032,21120,20912,2025
65,Rize,65.11,Pazar,32144,16049,16095,2025
65,Rize,65.5,Fındıklı,16388,8242,8146,2025
65,Rize,65.6,Güneysu,15013,7505,7508,2025
65,Rize,65.10,Kalkandere,13350,8080,5270,2025
65,Rize,65.9,İyidere,8495,4457,4038,2025
65,Rize,65.2,Çamlıhemşin,7051,3642,3409,2025
65,Rize,65.4,Derepazarı,6772,3598,3174,2025
65,Rize,65.8,İkizdere,6287,3465,2822,2025
65,Rize,65.7,Hemşin,2299,1194,1105,2025
66,Sakarya,66.1,Adapazarı,284006,141202,142804,2025
66,Sakarya,66.14,Serdivan,168855,82336,86519,2025
66,Sakarya,66.2,Akyazı,99561,49724,49837,2025
66,Sakarya,66.7,Hendek,93990,46080,47910,2025
66,Sakarya,66.4,Erenler,92549,46145,46404,2025
66,Sakarya,66.9,Karasu,75887,37937,37950,2025
66,Sakarya,66.3,Arifiye,55589,29322,26267,2025
66,Sakarya,66.6,Geyve,51708,26132,25576,2025
66,Sakarya,66.13,Sapanca,47505,23101,24404,2025
66,Sakarya,66.5,Ferizli,36015,21688,14327,2025
66,Sakarya,66.12,Pamukova,31536,15750,15786,2025
66,Sakarya,66.10,Kaynarca,25440,13117,12323,2025
66,Sakarya,66.11,Kocaali,24966,12683,12283,2025
66,Sakarya,66.15,Söğütlü,15288,7806,7482,2025
66,Sakarya,66.8,Karapürçek,13734,6971,6763,2025
66,Sakarya,66.16,Taraklı,7064,3592,3472,2025
67,Samsun,67.9,İlkadım,330290,161602,168688,2025
67,Samsun,67.3,Atakum,261809,125727,136082,2025
67,Samsun,67.5,Bafra,143387,71603,71784,2025
67,Samsun,67.7,Çarşamba,143206,71510,71696,2025
67,Samsun,67.6,Canik,100247,49950,50297,2025
67,Samsun,67.16,Vezirköprü,87575,43802,43773,2025
67,Samsun,67.15,Terme,71348,35559,35789,2025
67,Samsun,67.14,Tekkeköy,59356,29944,29412,2025
67,Samsun,67.8,Havza,38103,18837,19266,2025
67,Samsun,67.12,Ondokuzmayıs,28658,14618,14040,2025
67,Samsun,67.10,Kavak,25370,13705,11665,2025
67,Samsun,67.1,Alaçam,24560,12276,12284,2025
67,Samsun,67.13,Salıpazarı,19406,10114,9292,2025
67,Samsun,67.4,Ayvacık,18557,9818,8739,2025
67,Samsun,67.11,Ladik,15942,7871,8071,2025
67,Samsun,67.2,Asarcık,15673,7917,7756,2025
67,Samsun,67.17,Yakakent,8916,4430,4486,2025
68,Şanlıurfa,68.5,Eyyübiye,414516,209283,205233,2025
68,Şanlıurfa,68.7,Haliliye,395975,198002,197973,2025
68,Şanlıurfa,68.10,Karaköprü,312031,157383,154648,2025
68,Şanlıurfa,68.11,Siverek,277399,141330,136069,2025
68,Şanlıurfa,68.13,Viranşehir,215727,107249,108478,2025
68,Şanlıurfa,68.1,Akçakale,131351,67248,64103,2025
68,Şanlıurfa,68.8,Harran,101710,51284,50426,2025
68,Şanlıurfa,68.12,Suruç,98022,50265,47757,2025
68,Şanlıurfa,68.4,Ceylanpınar,93105,47141,45964,2025
68,Şanlıurfa,68.2,Birecik,91837,46118,45719,2025
68,Şanlıurfa,68.3,Bozova,50534,25594,24940,2025
68,Şanlıurfa,68.9,Hilvan,41969,21524,20445,2025
68,Şanlıurfa,68.6,Halfeti,41624,20362,21262,2025
69,Siirt,69.5,Siirt (merkez),180837,91061,89776,2025
69,Siirt,69.3,Kurtalan,60674,31081,29593,2025
69,Siirt,69.4,Pervari,26437,13460,12977,2025
69,Siirt,69.1,Baykan,23219,12007,11212,2025
69,Siirt,69.6,Şirvan,18773,9759,9014,2025
69,Siirt,69.2,Eruh,18339,9500,8839,2025
69,Siirt,69.7,Tillo,4090,2180,1910,2025
70,Sinop,70.8,Sinop merkez,70311,34402,35909,2025
70,Sinop,70.2,Boyabat,44901,22226,22675,2025
70,Sinop,70.6,Gerze,30701,15201,15500,2025
70,Sinop,70.1,Ayancık,23818,11968,11850,2025
70,Sinop,70.4,Durağan,16788,8517,8271,2025
70,Sinop,70.9,Türkeli,16298,8095,8203,2025
70,Sinop,70.5,Erfelek,12565,6378,6187,2025
70,Sinop,70.7,Saraydüzü,5656,2912,2744,2025
70,Sinop,70.3,Dikmen,4810,2527,2283,2025
71,Şırnak,71.2,Cizre,166290,84116,82174,2025
71,Şırnak,71.5,Silopi,152610,77894,74716,2025
71,Şırnak,71.6,Şırnak merkez,105697,56275,49422,2025
71,Şırnak,71.4,İdil,76548,38533,38015,2025
71,Şırnak,71.7,Uludere,45988,25839,20149,2025
71,Şırnak,71.1,Beytüşşebap,13971,7735,6236,2025
71,Şırnak,71.3,Güçlükonak,12562,6594,5968,2025
72,Sivas,72.12,Sivas merkez,393912,194259,199653,2025
72,Sivas,72.14,Şarkışla,37282,18537,18745,2025
72,Sivas,72.16,Yıldızeli,26567,13760,12807,2025
72,Sivas,72.13,Suşehri,25056,12243,12813,2025
72,Sivas,72.5,Gemerek,21342,10696,10646,2025
72,Sivas,72.17,Zara,21340,10974,10366,2025
72,Sivas,72.10,Kangal,19406,10280,9126,2025
72,Sivas,72.7,Gürün,17062,8681,8381,2025
72,Sivas,72.3,Divriği,15657,8189,7468,2025
72,Sivas,72.11,Koyulhisar,11782,5955,5827,2025
72,Sivas,72.8,Hafik,8950,4402,4548,2025
72,Sivas,72.2,Altınyayla,8245,4274,3971,2025
72,Sivas,72.15,Ulaş,7603,4087,3516,2025
72,Sivas,72.9,İmranlı,6788,3612,3176,2025
72,Sivas,72.1,Akıncılar,4641,2371,2270,2025
72,Sivas,72.6,Gölova,2998,1564,1434,2025
72,Sivas,72.4,Doğanşar,2770,1384,1386,2025
73,Tekirdağ,73.2,Çorlu,306939,156533,150406,2025
73,Tekirdağ,73.10,Süleymanpaşa,226582,113785,112797,2025
73,Tekirdağ,73.1,Çerkezköy,223975,114961,109014,2025
73,Tekirdağ,73.5,Kapaklı,152509,78345,74164,2025
73,Tekirdağ,73.3,Ergene,68648,35692,32956,2025
73,Tekirdağ,73.9,Saray,51468,26032,25436,2025
73,Tekirdağ,73.6,Malkara,50123,25486,24637,2025
73,Tekirdağ,73.11,Şarköy,34458,17137,17321,2025
73,Tekirdağ,73.7,Marmara Ereğlisi,33623,17200,16423,2025
73,Tekirdağ,73.8,Muratlı,30410,15394,15016,2025
73,Tekirdağ,73.4,Hayrabolu,29706,15241,14465,2025
74,Tokat,74.9,Tokat merkez,201969,99841,102128,2025
74,Tokat,74.4,Erbaa,103409,51420,51989,2025
74,Tokat,74.10,Turhal,77707,37992,39715,2025
74,Tokat,74.5,Niksar,63594,31646,31948,2025
74,Tokat,74.12,Zile,52729,26408,26321,2025
74,Tokat,74.7,Reşadiye,43108,22121,20987,2025
74,Tokat,74.1,Almus,28135,14602,13533,2025
74,Tokat,74.6,Pazar,12875,6439,6436,2025
74,Tokat,74.3,Başçiftlik,8445,4357,4088,2025
74,Tokat,74.11,Yeşilyurt,8045,4053,3992,2025
74,Tokat,74.2,Artova,7589,3781,3808,2025
74,Tokat,74.8,Sulusaray,6536,3315,3221,2025
75,Trabzon,75.13,Ortahisar,335116,163366,171750,2025
75,Trabzon,75.1,Akçaabat,131162,64988,66174,2025
75,Trabzon,75.18,Yomra,51660,25697,25963,2025
75,Trabzon,75.2,Araklı,49230,24891,24339,2025
75,Trabzon,75.12,Of,43591,21762,21829,2025
75,Trabzon,75.3,Arsin,31493,15991,15502,2025
75,Trabzon,75.17,Vakfıkebir,27278,13387,13891,2025
75,Trabzon,75.14,Sürmene,25281,12709,12572,2025
75,Trabzon,75.11,Maçka,24931,12777,12154,2025
75,Trabzon,75.4,Beşikdüzü,23246,12062,11184,2025
75,Trabzon,75.5,Çarşıbaşı,15004,7718,7286,2025
75,Trabzon,75.16,Tonya,13332,6544,6788,2025
75,Trabzon,75.8,Düzköy,13105,6539,6566,2025
75,Trabzon,75.6,Çaykara,12921,6500,6421,2025
75,Trabzon,75.15,Şalpazarı,10575,5295,5280,2025
75,Trabzon,75.9,Hayrat,7410,3898,3512,2025
75,Trabzon,75.10,Köprübaşı,4271,2247,2024,2025
75,Trabzon,75.7,Dernekpazarı,3717,1871,1846,2025
76,Tunceli,76.8,Tunceli merkez,41045,20553,20492,2025
76,Tunceli,76.6,Pertek,10569,5526,5043,2025
76,Tunceli,76.1,Çemişgezek,7505,3892,3613,2025
76,Tunceli,76.3,Mazgirt,7257,3930,3327,2025
76,Tunceli,76.5,Ovacık,6700,3700,3000,2025
76,Tunceli,76.2,Hozat,5332,2960,2372,2025
76,Tunceli,76.7,Pülümür,3580,2084,1496,2025
76,Tunceli,76.4,Nazımiye,3095,1775,1320,2025
77,Uşak,77.6,Uşak merkez,265371,131021,134350,2025
77,Uşak,77.1,Banaz,34624,17246,17378,2025
77,Uşak,77.2,Eşme,34444,17202,17242,2025
77,Uşak,77.4,Sivaslı,19193,9636,9557,2025
77,Uşak,77.5,Ulubey,11365,5665,5700,2025
77,Uşak,77.3,Karahallı,9408,4717,4691,2025
78,Van,78.9,İpekyolu,362816,179994,182822,2025
78,Van,78.6,Erciş,169040,87053,81987,2025
78,Van,78.13,Tuşba,167758,86255,81503,2025
78,Van,78.5,Edremit,132309,66041,66268,2025
78,Van,78.11,Özalp,51357,26847,24510,2025
78,Van,78.3,Çaldıran,50170,26234,23936,2025
78,Van,78.10,Muradiye,41402,21389,20013,2025
78,Van,78.2,Başkale,37568,20532,17036,2025
78,Van,78.8,Gürpınar,28505,15194,13311,2025
78,Van,78.7,Gevaş,26253,13305,12948,2025
78,Van,78.12,Saray,17036,9127,7909,2025
78,Van,78.4,Çatak,16361,8812,7549,2025
78,Van,78.1,Bahçesaray,11438,5761,5677,2025
79,Yalova,79.6,Yalova merkez,157901,77043,80858,2025
79,Yalova,79.4,Çiftlikköy,58589,29398,29191,2025
79,Yalova,79.3,Çınarcık,40174,19671,20503,2025
79,Yalova,79.1,Altınova,35490,19090,16400,2025
79,Yalova,79.2,Armutlu,11984,6053,5931,2025
79,Yalova,79.5,Termal,7497,4338,3159,2025
80,Yozgat,80.14,Yozgat merkez,109042,55925,53117,2025
80,Yozgat,80.10,Sorgun,80068,40028,40040,2025
80,Yozgat,80.1,Akdağmadeni,39642,20153,19489,2025
80,Yozgat,80.3,Boğazlıyan,35316,18298,17018,2025
80,Yozgat,80.13,Yerköy,33000,16130,16870,2025
80,Yozgat,80.9,Sarıkaya,30785,15373,15412,2025
80,Yozgat,80.6,Çekerek,18426,8964,9462,2025
80,Yozgat,80.11,Şefaatli,14008,7009,6999,2025
80,Yozgat,80.8,Saraykent,12605,6400,6205,2025
80,Yozgat,80.5,Çayıralan,11777,5879,5898,2025
80,Yozgat,80.7,Kadışehri,9854,4933,4921,2025
80,Yozgat,80.2,Aydıncık,9317,4702,4615,2025
80,Yozgat,80.12,Yenifakılı,5008,2543,2465,2025
80,Yozgat,80.4,Çandır,4360,2154,2206,2025
81,Zonguldak,81.4,Ereğli,173884,86573,87311,2025
81,Zonguldak,81.8,Zonguldak merkez,115279,56464,58815,2025
81,Zonguldak,81.2,Çaycuma,91796,45691,46105,2025
81,Zonguldak,81.3,Devrek,56900,28569,28331,2025
81,Zonguldak,81.7,Kozlu,50616,24360,26256,2025
81,Zonguldak,81.1,Alaplı,43217,21672,21545,2025
81,Zonguldak,81.6,Kilimli,32441,16321,16120,2025
81,Zonguldak,81.5,Gökçebey,21070,10596,10474,2025
